{
    "faces":[33,0,1,2,3,0,0,0,0,32,5,4,24,1,1,1,32,25,26,27,2,2,2,32,5,24,25,3,3,3,32,7,6,5,4,4,4,32,25,27,7,5,5,5,32,25,7,5,6,6,6,33,0,4,5,1,7,7,7,7,33,1,5,6,2,8,8,8,8,33,2,6,7,3,9,9,9,9,32,24,4,0,10,10,10,32,0,3,7,11,11,11,32,27,26,25,12,12,12,32,0,7,27,13,13,13,32,25,24,0,14,14,14,32,0,27,25,15,15,15,32,8,31,27,16,16,16,32,27,28,40,17,17,17,32,40,10,45,18,18,18,32,45,9,8,19,19,19,32,8,27,40,20,20,20,32,8,40,45,21,21,21,32,12,9,45,22,22,22,32,45,10,13,23,23,23,32,13,44,12,20,20,20,32,45,13,12,24,24,24,32,11,12,44,25,25,25,32,44,13,41,25,25,25,32,41,23,26,26,26,26,32,26,30,11,27,27,27,32,11,44,41,25,25,25,32,41,26,11,25,25,25,33,11,30,31,8,28,28,28,28,33,9,12,11,8,29,29,29,29,32,41,13,10,30,30,30,32,40,28,23,31,31,31,32,41,10,40,32,32,32,32,40,23,41,31,31,31,32,14,29,25,33,33,33,32,25,21,46,20,20,20,32,46,16,43,20,20,20,32,43,15,14,17,17,17,32,14,25,46,20,20,20,32,14,46,43,20,20,20,32,18,15,43,34,34,34,32,43,16,19,35,35,35,32,42,18,43,34,34,34,32,43,19,42,35,35,35,32,17,18,42,26,26,26,32,42,19,47,36,36,36,32,47,22,24,37,37,37,32,24,20,17,38,38,38,32,17,42,47,39,39,39,32,47,24,17,40,40,40,33,17,20,29,14,41,41,41,41,33,15,18,17,14,42,42,42,42,32,47,19,16,43,43,43,32,46,21,22,44,44,44,32,47,16,46,45,45,45,32,46,22,47,46,46,46,33,32,33,34,35,47,47,47,47,32,39,38,49,48,48,48,32,39,49,45,49,49,49,32,51,37,36,50,50,50,32,42,51,36,51,51,51,32,36,39,45,52,52,52,32,44,48,50,53,53,53,32,36,45,44,54,54,54,32,43,42,36,55,55,55,32,44,50,43,56,56,56,32,36,44,43,57,57,57,33,32,36,37,33,58,58,58,58,32,33,37,51,59,59,59,32,33,51,47,60,60,60,32,49,38,34,61,61,61,32,40,49,34,62,62,62,32,34,33,47,63,63,63,32,46,50,48,64,64,64,32,34,47,46,65,65,65,32,41,40,34,66,66,66,32,46,48,41,67,67,67,32,46,41,34,68,68,68,33,34,38,39,35,69,69,69,69,33,36,32,35,39,70,70,70,70],
    "vertices":[7.29274,0.243002,3.08488,7.29274,0.243002,5.08488,-6.53496,0.243002,5.08488,-6.53496,0.243002,3.08488,7.29275,-0.0659331,3.08488,7.29274,-0.065933,5.08488,-6.53496,-0.0659328,5.08488,-6.53496,-0.065933,3.08488,-6.2826,-0.308001,3.27546,-6.2826,1.38709,-2.37326,-6.2826,1.83182,-2.23981,-4.64354,-0.308001,3.27546,-4.64354,1.38709,-2.37326,-4.64354,1.83182,-2.23981,5.43773,-0.308002,3.23906,5.43773,1.38709,-2.40966,5.43773,1.83182,-2.27621,7.07678,-0.308002,3.23906,7.07678,1.38709,-2.40966,7.07678,1.83182,-2.27621,7.07678,-0.0659331,3.3117,5.43773,0.223037,3.08488,7.07678,0.223037,3.08488,-4.64354,0.23396,3.08488,7.07678,-0.0659331,3.08488,5.43773,-0.0659331,3.08488,-4.64354,-0.0659331,3.08488,-6.2826,-0.065933,3.08488,-6.2826,0.23396,3.08488,5.43773,-0.0659331,3.3117,-4.64354,-0.065933,3.3481,-6.2826,-0.065933,3.3481,7.29815,1.83344,-4.2128,7.29815,1.83345,-2.2128,-6.52955,1.83345,-2.2128,-6.52955,1.83344,-4.2128,7.29816,1.52451,-4.2128,7.29815,1.52451,-2.2128,-6.52955,1.52451,-2.2128,-6.52955,1.52451,-4.2128,-6.2826,1.82371,-2.2128,-4.64354,1.82371,-2.2128,7.07678,1.52451,-2.36842,5.43773,1.52451,-2.36842,-4.64354,1.52451,-2.33202,-6.2826,1.52451,-2.33202,5.43773,1.81279,-2.2128,7.07678,1.81279,-2.2128,-4.64355,1.52451,-2.2128,-6.2826,1.52451,-2.2128,5.43773,1.52451,-2.2128,7.07678,1.52451,-2.2128],
    "uvs":[],
    "metadata":{
        "version":3,
        "faces":84,
        "vertices":52,
        "uvs":0,
        "normals":71,
        "generator":"io_three",
        "type":"Geometry"
    },
    "normals":[-1.72421e-08,-1,5.96046e-08,0,1,-5.96046e-08,3.96517e-08,0.545187,-0.838315,0,1,-5.96046e-08,1.72421e-08,1,-1.19209e-07,-0,0.970143,0.242536,9.95677e-09,1,-6.88396e-08,-1,1.54348e-06,-1.90735e-06,6.89683e-08,-3.08698e-06,-1,1,-4.63046e-06,1.66893e-06,0,1.54349e-06,1,-6.89684e-08,3.08698e-06,1,-3.96517e-08,-0.545187,0.838315,0,-0,1,0,1.54349e-06,1,-4.06846e-08,1.78778e-06,1,-1,-0,0,-1,0,0,-1,1.42348e-06,4.27165e-07,-1,-3.1833e-06,-9.5526e-07,-1,0,0,-1,1.3801e-06,5.36048e-07,0,0.287422,-0.957804,0,0.287422,-0.957804,1.958e-08,0.287422,-0.957804,1,0,0,1,0,0,1,-0,0,0,-0.287424,0.957804,0,-0.957804,-0.287422,-0,0.957804,0.287422,0,0.957804,0.287422,0,0.957804,0.287422,-1,-0,0,0,0.287421,-0.957804,0,0.287422,-0.957804,1,-2.07026e-06,6.89893e-06,1,-2.97052e-13,-9.00088e-08,1,-0,0,1,1.40603e-06,4.59489e-07,1,-7.40552e-08,-1.16271e-07,0,-0.28742,0.957805,0,-0.957804,-0.287422,-0,0.957804,0.287421,0,0.957804,0.287422,0,0.957804,0.287421,0,0.957804,0.287422,-1.54156e-15,-1,5.96046e-08,0,1,-5.96047e-08,-4.82727e-07,1,0,0,1,-5.96046e-08,5.38513e-07,1,1.65e-12,2.18572e-15,1,-6.33831e-08,0,1,0,0,1,-6.33831e-08,0,1,-6.4634e-08,0,1,-0,-2.34214e-10,1,-6.48702e-08,-1,2.31523e-06,-2.02656e-06,0,-1.54349e-06,-1,1.54348e-07,-1.65409e-06,-1,0,7.71744e-07,-1,1.02826e-06,1.5937e-06,-1,1.72421e-08,-1.84777e-07,-1,7.09489e-08,-1.65409e-06,-1,0,-1.15419e-05,-1,0,-2.44936e-05,-1,8.63367e-10,7.96851e-07,-1,-3.35896e-08,-3.10018e-05,-1,1,-5.40221e-06,1.54972e-06,-3.44842e-08,1.54349e-06,1]
}